,Essay_set_id,Essay_id,Essay
0,1,0,dear believ comput posit impact societi teach peopl use hand give peopl abil learn faraway place peopl even allow peopl talk onlin peopl expert concern howev peopl spend much time comput enough time exercis enjoy natur interact famili friend believ peopl use comput full potenti also take time activ import hope agre share opinion reader
1,1,1,hello write express concern effect comput peopl believ comput posit effect peopl teach hand eye coordin allow learn faraway place peopl even allow talk onlin peopl howev also understand everyon agre expert concern peopl spend much time comput less time exercis enjoy natur interact famili friend hope reader newspap agre weigh posit effect comput concern believ neg impact peopl thank time
2,1,2,dear editor comput user believ comput posit effect peopl teach hand eye coordin give peopl abil learn faraway place peopl even allow peopl talk onlin peopl other differ idea expert concern peopl spend much time comput less time exercis enjoy natur interact famili friend believ comput import part societi use fullest potenti thank time
3,1,3,dear think comput posit effect peopl teach hand eye coordin give peopl abil learn faraway place peopl even allow peopl talk onlin peopl other differ idea howev expert concern peopl spend much time comput less time exercis enjoy natur interact famili friend believ peopl use comput moder spend time interact other person thank consid opinion
4,1,4,dear local newspap believ comput lot benefit societi whole help peopl learn new thing commun other think great peopl use comput hope trend continu thank read hope agre
5,1,5,dear editor think comput lot posit effect peopl especi come learn teach hand eye coordin geographi thing think peopl spend time comput less time exercis enjoy natur interact famili friend
6,1,6,hello write express opinion effect comput societi believ posit effect peopl teach hand eye coordin give peopl abil learn faraway place peopl even allow peopl talk onlin peopl expert howev concern peopl spend much time comput less time exercis enjoy natur interact famili friend believ peopl use comput full potenti let take live believ comput use encourag peopl interact make friend hope opinion chang mind peopl hometown convinc comput good societi
7,1,7,dear editor lot debat modern world whether comput benefit societi whole believ inde great impact peopl teach import thing hand eye coordin allow access inform abl find anywher els even allow connect other onlin howev still peopl worri peopl spend much time comput enough time thing like go outsid exercis enjoy time famili friend believ peopl short sight need take look bigger pictur overal think comput great tool help peopl learn grow faster would stationari
8,1,8,dear editor believ advanc technolog posit effect peopl comput taught hand eye coordin allow peopl learn faraway place peopl even allow peopl talk onlin peopl howev expert concern peopl spend much time comput less time exercis enjoy natur interact famili friend believ peopl use comput improv live make life enjoy neglect support advanc technolog hope
9,1,9,hello believ comput posit effect peopl teach hand eye coordin give peopl abil learn faraway place peopl even allow peopl talk onlin peopl howev expert concern peopl spend much time comput less time exercis enjoy natur interact famili friend urg reader local newspap agre support advanc technolog thank
10,1,10,hello comput user believ posit effect societi comput help teach hand eye coordin give peopl abil learn faraway place peopl even allow peopl talk onlin peopl incred use skill believ peopl use fullest potenti believ peopl spend less time sit comput time enjoy live thank read hope agre
11,1,11,dear local newspap believ comput posit effect peopl teach hand eye coordin give peopl abil learn faraway place peopl even allow peopl talk onlin peopl howev expert concern peopl spend much time comput less time exercis enjoy natur interact famili friend think import peopl take time hope reader newspap agre
12,1,12,dear editor believ comput posit effect peopl help teach hand eye coordin give peopl abil learn faraway place peopl even allow peopl talk onlin peopl howev expert concern peopl spend much time comput less time exercis enjoy natur interact famili friend believ could neg consequ peopl health well urg reader paper agre support advanc technolog believ posit impact peopl thank time
13,1,13,dear editor believ advanc technolog comput great overal effect societi teach hand eye coordin give peopl abil learn faraway place peopl even allow peopl talk onlin peopl therefor believ comput kept school use everyon instead select
14,1,14,dear editor follow debat surround effect comput peopl firmli camp believ comput posit effect societi teach children navig map show pictur faraway place even allow peopl commun peopl world believ peopl spend time thing benefici societi whole comput
15,1,15,dear local newspap believ comput posit effect societi help peopl learn use tool coordin hand well learn part world peopl addit allow peopl commun onlin howev concern believ peopl spend much time comput enough time enjoy natur interact famili friend hope lobbi time spent physic activ less time comput screen thank read
16,1,16,hello write express opinion effect comput peopl believ posit impact peopl live teach use hand learn distant place peopl even allow peopl talk onlin peopl think peopl spend less time comput time exercis enjoy natur interact famili friend thank time
17,1,17,hello believ use comput tremend posit effect societi whole taught children use hand better given peopl new opportun learn faraway place peopl even allow peopl commun other onlin howev expert concern peopl spend much time comput enough time exercis enjoy natur interact famili friend hope reader newspap agre support use comput societi thank time
18,1,18,dear editor comput user believ mani posit effect comput societi whole one improv hand eye coordin enabl us learn faraway place peopl also allow peopl talk onlin peopl form valuabl connect made howev also expert concern peopl spend much time comput enough time exercis enjoy natur interact famili friend believ mistak continu use comput fullest potenti thank time hope agre
19,1,19,hello write express opinion effect comput peopl believ posit effect peopl teach wide rang skill give access inform would never abl toaccess hand peopl concern peopl spend much time comput less time exercis enjoy natur interact famili friend believ posit comput outweigh neg societi would better peopl use thank read letter hope share opinion
20,1,20,hello think comput lot benefit societi whole teach peopl coordin hand eye movement give peopl access inform might otherwis abl learn allow peopl interact conveni other onlin sometim peopl even use comput increas physic activ instead wast time phone comput think posit societi hope peopl continu use comput way
21,1,21,dear editor peopl turn comput everyday need import clear understand pro con technolog whole believ comput posit effect peopl teach hand eye coordin give peopl abil learn faraway place peopl even allow peopl talk onlin peopl case capabl lifesav keep peopl reconnect love one distress time howev also peopl concern peopl spend much time comput less time exercis enjoy natur interact famili friend definit someth need address futur comput much
22,1,22,hello huge fan advanc technolog believ comput tremend posit effect peopl teach hand eye coordin give peopl abil learn faraway place peopl even allow peopl talk onlin peopl howev also concern way peopl spend time believ peopl spend much time comput enough time enjoy natur interact famili friend exercis urg commun start think neg effect technolog physic mental health make chang tri revers trend believ way truli enjoy benefit comput provid
23,1,23,dear think comput great effect peopl allow us learn faraway place peopl also teach hand eye coordin think peopl use comput spend less time exercis enjoy natur interact famili friend thank time
24,1,24,hi comput user love think comput great way peopl learn connect peopl explor new place even help peopl learn disabl abl otherwis think comput encourag develop lot great benefit societi thank read
25,1,25,dear local newspap someon alway big fan comput technolog gener glad see posit impact societi believ help peopl learn new thing commun other learn differ cultur around world howev concern way peopl use comput day believ peopl spend much time comput enough time enjoy natur famili friend think would healthier product societi peopl spent time interact world around less time comput thank consid opinion
26,1,26,hello believ comput posit effect peopl think teach hand eye coordin give peopl abil learn faraway place peopl even allow peopl talk onlin peopl expert howev concern peopl spend much time comput less time exercis enjoy natur interact famili friend believ peopl tri best use comput way benefit overal well take away time other hope share opinion persuad other think way thank time
27,1,27,hello big support technolog believ mani posit effect peopl comput especi benefici peopl difficulti area life hand eye coordin learn new thing also allow peopl commun peopl around world real time long term howev peopl concern neg effect comput peopl argu peopl spend much time comput neglect aspect live believ peopl wrong opinion comput help peopl improv qualiti live thank innov see threat societi
28,1,28,dear editor believ comput posit effect peopl teach hand eye coordin give peopl abil learn faraway place peopl even allow peopl talk onlin peopl technolog mani advantag believ use often howev peopl concern peopl spend much time comput less time exercis enjoy natur interact famili friend believ peopl use comput advantag spend time hope reader newspap agre issu
29,1,29,hello believ comput posit effect peopl one teach hand eye coordin give peopl abil learn faraway place peopl addit allow peopl talk onlin peopl believ peopl spend time interact other less time comput thank read
30,1,30,dear editor firmli believ comput posit effect peopl teach hand eye coordin give peopl abil learn faraway place peopl even allow peopl talk onlin peopl other differ idea howev expert concern peopl spend much time comput less time exercis enjoy natur interact famili friend believ peopl use comput moder hope reader newspap agre thank time
31,1,31,dear editor believ comput posit effect peopl teach hand eye coordin give peopl abil learn faraway place peopl even allow peopl talk onlin peopl think peopl spend time enjoy natur interact famili friend less time comput thank give opportun share opinion
32,1,32,dear editor appreci use comput believ impact societi alway posit peopl spend much time comput less time engag physic activ enjoy natur interact famili friend hand eye coordin comput teach valuabl thing comput also allow peopl learn faraway place peopl even talk onlin peopl futur comput may even allow peopl experiencevirtu realiti believ peopl spend time interact world around less time comput thank attent import issu
33,1,33,dear editor believ comput posit effect peopl societi whole help children learn hand eye coordin learn faraway place peopl even allow peopl talk onlin peopl howev expert concern peopl spend much time comput less time exercis enjoy natur interact famili friend think mistak peopl would better spent time comput less time interact peopl face face hope agre
34,1,34,dear newspap want share opinion posit effect comput societi comput use increas dramat past decad good reason teach hand eye coordin give peopl abil learn faraway place peopl even allow peopl talk onlin peopl howev everyon agre good thing expert concern peopl spend much time comput less time exercis enjoy natur interact famili friend believ comput posit effect societi whole urg reader paper agre
35,1,35,hello hope well write express concern grow relianc comput societi believ relianc neg effect gener welfar citizen first think comput detriment hand eye coordin teach peopl use hand incorrectli neurolog addict screen good develop fine motor skill coordin entir bodi second believ peopl spend much time screen use spend time outdoor play children talk friend enjoy beauti natur spend time front screen instead third think comput good mental health teach peopl becom addict screen becom isol rest societi use enjoy interact famili friend busi look screen spend time believ neg effect grow relianc comput societi want encourag write articl danger comput rais awar consequ addict screen hope consid concern publish letter
36,1,36,hello write today express concern effect comput peopl sinc comput becam preval societi mani peopl come reli excess mani peopl spend time comput famili friend becom less less physic activ believ comput deleteri effect peopl urg stand speak trend continu use comput expens physic social wellb lose someth invalu
37,1,37,hello recent lot talk effect comput peopl peopl believ comput great tool learn commun organ other concern peopl spend much time comput enough time enjoy natur interact famili friend exercis believ comput great impact peopl teach hand eye coordin help learn world around even allow talk peopl onlin thank give opportun speak mind import issu hope share opinion reader look forward hear thought matter
38,1,38,dear editor think comput posit effect peopl teach us hand eye coordin give us abil learn faraway place peopl even allow us talk onlin peopl expert though concern peopl spend much time comput less time exercis enjoy natur interact famili friend think mistak want encourag peopl think way hope print letter help chang peopl opinion benefit comput thank
39,1,39,dear editor person believ use technolog write express concern recent increas use comput societi whole comput undeni contribut modern live mani way deepli concern peopl spend time comput less time interact famili friend opinion comput inher good bad simpli tool use good bad purpos believ overal benefit comput outweigh neg effect think import peopl spend time actual enjoy life exercis instead sit front comput day long thank take time read letter hope share follow help convinc comput thing peopl spend time
40,1,40,dear editor first glanc may seem like comput use benefit societi whole comput teach hand eye coordin allow peopl learn faraway place peopl howev peopl concern peopl spend much time comput less time exercis enjoy natur interact famili friend person believ comput posit effect societi teach peopl use hand import today societi also allow peopl learn faraway place peopl lastli allow peopl talk peopl onlin great thing hope agre write letter local newspap support comput use thank time
41,1,41,dear believ comput posit effect peopl teach hand eye coordin give abil learn faraway place peopl even allow talk onlin peopl neg effect expert concern peopl spend much time comput less time exercis enjoy natur interact famili friend urg reader newspap agre
42,1,42,dear newspap believ comput posit impact peopl teach hand eye coordin give peopl abil learn faraway place peopl even allow peopl talk onlin peopl think peopl spend much time comput howev instead exercis enjoy natur interact famili friend hope agre publish letter thank
43,1,43,dear editor believ advanc technolog specif comput posit effect peopl teach hand eye coordin give peopl abil learn faraway place peopl even allow peopl talk onlin peopl howev peopl concern peopl spend much time comput less time exercis enjoy natur interact famili friend believ peopl misunderstand purpos comput overreact urg reader local newspap agre worri effect comput peopl vital part societi continu use improv live everyon commun
44,1,44,hello believ comput great impact societi whole teach peopl valuabl skill like hand eye coordin allow peopl learn faraway place peopl even allow peopl talk onlin peopl amaz much live chang sinc comput becam commonplac howev peopl concern time peopl spend comput worri impact comput peopl may neg argu peopl spend much time comput enough time exercis enjoy natur interact famili friend believ concern unfound benefit comput far outweigh potenti risk
45,1,45,dear editor believ advanc technolog good societi whole comput teach hand eye coordin give peopl abil learn faraway place peopl even allow peopl talk onlin peopl invalu tool help mani peopl mani way howev concern way peopl use comput think peopl spend much time comput enough time exercis enjoy natur interact famili friend believ focus spread word benefit comput encourag peopl use way good commun hope publish letter consid opinion thank
46,1,46,hello person believ posit effect comput societi believ help peopl hand eye coordin teach peopl faraway place peopl allow peopl commun other onlin other howev differ opinion expert concern peopl spend much time comput less time exercis enjoy natur interact famili friend hope share opinion persuad peopl agre thank time
47,1,47,dear editor comput user know lot benefit societi teach hand eye coordin give peopl abil learn faraway place peopl allow peopl talk onlin peopl howev also peopl concern peopl spend much time comput less time exercis enjoy natur interact famili friend argu commun good think comput posit effect peopl hope reader newspap agre
48,1,48,dear editor believ comput benefici impact societi whole help peopl learn hand eye coordin learn faraway place peopl allow peopl commun onlin critic though concern peopl spend much time comput enough time enjoy natur interact famili friend exercis believ peopl devot time exercis interact other greater impact overal well thank read letter hope print
49,1,49,hello believ advanc technolog posit effect peopl allow learn new thing stay touch friend famili help work think peopl continu use comput despit concern amount time spend
50,1,50,dear person use comput extens believ vastli posit effect societi help peopl learn hand eye coordin develop research abil also provid peopl way commun electron opinion great benefit societi hope trend continu encourag other consid benefit comput use hope stand support use thank attent issu
51,1,51,hello think comput lot benefit societi whole help peopl learn use hand eye coordin learn place peopl even allow peopl commun peopl onlin think peopl spend time exercis interact famili friend instead spend time comput
52,1,52,dear editor believ comput posit effect peopl teach hand eye coordin give peopl abil learn faraway place peopl even allow peopl talk onlin peopl howev expert concern peopl spend much time comput less time exercis enjoy natur interact famili friend believ import peopl use comput fullest potenti hope reader newspap share opinion
53,1,53,dear local newspap think comput posit effect peopl give peopl abil learn faraway place peopl even allow peopl talk onlin peopl benefit comput includ teach hand eye coordin give peopl abil learn differ thing see peopl harm benefit
54,1,54,dear editor probabl get lot letter varieti topic one might littl differ believ use comput lot benefit societi whole also think peopl spend much time comput enough time interact other think tri spend time outsid exercis enjoy time friend famili hope agre print letter newspap thank
55,1,55,dear editor believ comput posit impact peopl teach hand eye coordin give peopl abil learn faraway place peopl even allow peopl talk onlin peopl howev expert concern peopl spend much time comput less time exercis enjoy natur interact famili friend believ peopl use comput enhanc live replac hope share opinion convinc reader agre
56,1,56,dear editor believ comput posit effect peopl help hand eye coordin teach us faraway place peopl allow us chat onlin peopl opinion peopl spend time exercis enjoy natur interact famili friend instead spend time comput thank consid opinion
57,1,57,hello write express concern potenti neg effect comput peopl believ obsess use comput taken away import aspect peopl live interact famili friend exercis educ believ societi would better without widespread use comput thank time
58,1,58,dear editor avid comput user wholeheartedli believ comput profoundli posit impact societi allow us learn faraway place peopl commun one anoth onlin much believ peopl spend time interact less time comput urg share opinion reader hope come agre thank time
59,1,59,dear journalist believ use comput tremend posit effect peopl teach hand eye coordin give peopl abil learn faraway place peopl even allow peopl talk onlin peopl interact technolog allow peopl connect ever believ posit develop howev also expert concern peopl spend much time comput enough time exercis enjoy natur interact famili friend think mistak encourag reader newspap agre believ comput valuabl tool use improv live peopl everywher wealthi plenti time use thank time
60,1,60,dear editor believ comput posit effect peopl teach hand eye coordin give peopl abil learn faraway place peopl even allow peopl talk onlin peopl other differ idea howev expert concern peopl spend much time comput less time exercis enjoy natur interact famili friend believ neg effect comput peopl becom appar believ peopl use comput respons way much time hope agre publish letter newspap thank
61,1,61,hello person spend lot time comput believ lot posit effect societi first teach hand eye coordin import peopl want success life mani job doctor comput scientist requir excel hand eye coordin second comput allow peopl learn faraway place peopl exampl learn egyptian pyramid visit websit ancient egypt com websit inform pyramid includ height layout histori one anoth exampl websit titan read titan peopl visit websit titan histori net websit video photo inform titan final comput allow peopl talk onlin peopl exampl talk friend hometown go websit facebook com click facebook button
62,1,62,dear editor disagre argu comput neg effect peopl opinion comput mani benefit use instanc teach hand eye coordin allow peopl learn faraway place peopl talk onlin peopl true peopl spend less time exercis enjoy natur interact famili friend believ small price pay mani benefit comput provid urg stand posit effect comput encourag peopl use everyday live thank
63,1,63,dear editor write express opinion effect comput peopl believ comput posit effect peopl teach hand eye coordin give peopl abil learn faraway place peopl even allow peopl talk onlin peopl other differ idea expert concern peopl spend much time comput less time exercis enjoy natur interact famili friend believ peopl continu use comput benefit posit effect
64,1,64,dear local newspap believ advanc technolog posit effect peopl comput teach hand eye coordin give peopl abil learn faraway place peopl even allow peopl talk onlin peopl addit comput allow peopl work task without interrupt quit benefici today fast pace world believ peopl spend time exercis enjoy natur interact famili friend instead sit front comput day thank time hope agre benefit comput outweigh neg
65,1,65,hello believ comput posit effect peopl teach hand eye coordin give peopl abil learn faraway place peopl even allow peopl talk onlin peopl amaz advantag allow peopl develop grow moreov peopl need spend much time comput use spend time thing enjoy benefici
66,1,66,dear editor write regard recent articl effect comput societi believ comput posit effect peopl societi whole teach hand eye coordin give peopl abil learn faraway place peopl even allow peopl talk onlin peopl other differ idea howev expert concern peopl spend much time comput less time exercis enjoy natur interact famili friend believ peopl use comput moder spend time enjoy life thank consid opinion
67,1,67,dear editor believ comput posit effect societi help peopl learn use hand think logic also given peopl abil learn faraway place peopl addit allow peopl talk onlin peopl howev everyon agre good thing expert concern peopl spend much time comput less time exercis enjoy natur interact famili friend hope reader newspap agre support advanc technolog
68,1,68,hello believ effect comput peopl benefici neg one hand teach basic hand eye coordin come handi variou occup field addit comput help peopl learn faraway place peopl well engag convers other onlin howev peopl believ much time spent comput screen enough spent activ exercis spend time famili friend believ individu decid much time want spend comput long break law hope publish letter also explor perspect issu thank time
69,1,69,dear local newspap comput user believ mani benefit advanc technolog believ comput teach hand eye coordin give peopl abil learn faraway place peopl even allow peopl talk onlin peopl howev also think peopl spend much time comput enough time exercis enjoy natur interact famili friend hope write letter start convers effect comput peopl make decis better benefit us thank time attent
70,1,70,dear local newspap believ comput posit effect peopl teach hand eye coordin give peopl abil learn faraway place peopl even allow peopl talk onlin peopl other differ idea howev expert concern peopl spend much time comput less time exercis enjoy natur interact famili friend hope continu report advanc technolog posit effect peopl even peopl agre thank read
71,1,71,dear editor big support advanc technolog believ comput posit effect peopl teach hand eye coordin learn faraway place peopl talk onlin peopl howev concern way peopl use comput think peopl spend much time comput enough time exercis enjoy natur interact famili friend believ posit comput bring societi outweigh neg would like see govern take step ensur peopl spend time interact less time comput thank time
72,1,72,dear editor believ comput posit impact societi whole teach peopl use hand learn new thing commun other electron opinion peopl use comput spend less time thing like exercis interact friend famili thank consid opinion
73,1,73,dear editor believ comput use posit effect peopl teach hand eye coordin give peopl abil learn faraway place peopl even allow peopl talk onlin peopl other differ idea expert concern peopl spend much time comput less time exercis enjoy natur interact famili friend believ peopl use comput order improv live hope reader newspap agre
74,1,74,hello believ comput tremend posit effect peopl allow peopl learn faraway place peopl even allow talk onlin peopl awesom way peopl connect commun think peopl spend time interact less time sit front comput screen thank read letter hope share opinion
75,1,75,dear editor believ benefit comput peopl indisput mani peopl might spend much time comput miss activ could enjoy spend time famili friend howev understand peopl still feel comput neg effect peopl notwithstand dissent view think import tri find balanc work best everyon thank time consider
76,1,76,dear editor think comput posit effect peopl teach hand eye coordin give peopl abil learn faraway place peopl even allow peopl talk onlin peopl believ peopl spend time exercis enjoy natur interact famili friend less time comput thank time
77,1,77,dear local newspap person believ benefit use comput far outweigh neg revolution modern world allow us thing never thought possibl take exampl abil commun peopl world abil learn new cultur go amaz adventur addit comput help peopl improv hand eye coordin learn faraway place peopl needless say comput greatli benefit societi whole therefor urg continu prais wonder gadget see posit effect live revolution societi believ keep around long possibl thank time hope share opinion reader
78,1,78,dear editor write express concern increas use comput societi comput mani benefit concern take away time peopl spend import thing like exercis interact friend famili believ comput use sparingli truli necessari hope reader local newspap agre discourag use comput societi thank time
79,1,79,hello believ benefit comput societi undeni help peopl learn coordin hand finger work big project commun other effici way howev concern peopl spend much time comput enough time enjoy natur interact famili friend exercis opinion posit trend need revers hope reader newspap share opinion help revers trend
80,1,80,dear safe say comput profound effect societi past decad given peopl abil learn faraway place peopl commun other even work howev everyon convinc good thing expert worri peopl spend much time comput instead interact peopl believ comput posit impact peopl teach hand eye coordin give peopl abil learn faraway place peopl even allow peopl talk onlin peopl addit peopl enjoy natur without leav comfort home appreci willing talk differ effect technolog societi believ person make decis want spend time howev feel import let peopl know potenti drawback reliant technolog could thank give reader opportun opinion topic
81,1,81,dear local newspap believ use comput posit effect societi whole help peopl learn use hand effici learn faraway place peopl commun other onlin howev also awar potenti danger overus peopl spend much time comput enough time interact other hope local govern school work find balanc advanc technolog ensur peopl still abl enjoy life believ key make sure comput posit effect societi
82,1,82,dear editor believ comput posit effect societi teach hand eye coordin give peopl abil learn faraway place peopl even allow peopl talk onlin peopl technolog even allow peopl live differ part world howev concern peopl spend much time comput enough time exercis enjoy natur interact famili friend think need limit time peopl spend comput
83,1,83,hello someon use comput time believ posit effect societi exampl comput teach hand eye coordin enabl peopl learn faraway place peopl well allow peopl talk onlin peopl definit downsid comput peopl spend much time comput less time enjoy natur overal think great invent urg reader local newspap agre think posit comput societi thank
84,1,84,hello long time user comput believ posit effect societi taught children hand eye coordin given peopl abil learn faraway place peopl allow peopl talk onlin peopl howev expert concern peopl spend much time comput less time exercis enjoy natur interact famili friend urg reader local newspap agre encourag use comput commun
85,1,85,hello live world comput preval result believ posit effect peopl allow peopl learn hand eye coordin learn faraway place peopl even allow peopl talk onlin peopl believ peopl spend time enjoy natur interact famili friend less time comput thank read
86,1,86,hello someon reli heavili comput believ countless benefit societi peopl may debat whether peopl spend much time screen believ comput help peopl learn new thing social onlin becom product believ everyon use comput fullest potenti encourag everyon part advanc technolog thank read
87,1,87,dear editor recent peopl turn comput daili need opinion good thing comput teach hand eye coordin allow peopl learn faraway place peopl even allow peopl talk onlin peopl howev everyon agre expert concern peopl spend much time comput less time exercis enjoy natur interact famili friend think import continu progress new technolog must also make sure peopl get believ combin exercis comput use help peopl becom product healthi also spend time care thank consider
88,1,88,dear editor someon appreci benefit comput societi want speak concern expert peopl spend much time comput enough time exercis enjoy natur interact famili friend peopl argu peopl spend enough time practic hand eye coordin learn distant place peopl bad societi howev believ comput help us learn thing effici effect way believ peopl spend time interact face face fewer hour screen thank time hold intellig thought provok discuss newspap hope share viewpoint other agre
89,1,89,hello think comput posit effect peopl teach us hand eye coordin help us learn cultur peopl importantli allow us commun other onlin spend much time comput enough time enjoy compani think comput promot thank read letter
90,1,90,hello think comput posit effect societi teach hand eye coordin give peopl abil learn faraway place peopl even allow peopl talk onlin peopl valuabl thing hope keep advanc technolog think wonder connect peopl world learn much inform quickli hope agre encourag other think way thank
91,1,91,dear editor comput user believ posit effect peopl teach hand eye coordin give peopl abil learn faraway place peopl even allow peopl talk onlin peopl howev other differ idea expert concern peopl spend much time comput less time exercis enjoy natur interact famili friend person believ comput help peopl mani way import peopl spend time comput moder hope reader share opinion agre comput posit effect peopl
92,1,92,dear local newspap believ advantag comput technolog peopl great teach hand eye coordin give peopl abil learn faraway place peopl even allow peopl talk onlin peopl howev peopl concern peopl spend much time comput less time exercis enjoy natur interact famili friend believ comput import aspect societi use full potenti thank time
93,1,93,hello believ comput great impact peopl allow peopl learn new thing commun other easili think peopl spend time interact peopl less time comput
94,1,94,dear newspap believ comput tremend posit effect societi give peopl abil learn faraway place peopl well talk onlin peopl incred advanc thank develop machin hard work other howev concern amount time peopl spend comput less time enjoy natur interact famili friend urg reader newspap agre comput incred tool use maximum potenti thank time
95,1,95,dear write today express opinion effect comput peopl believ posit effect way peopl learn interact exampl comput teach hand eye coordin give peopl abil learn faraway place peopl even allow peopl talk onlin peopl valuabl resourc peopl want learn world around howev peopl concern peopl spend much time comput less time exercis enjoy natur interact famili friend believ peopl spend time need enjoy live product comput reason
96,1,96,dear local newspap big fan comput believ huge posit impact societi whole think teach children essenti hand eye coordin skill let peopl learn faraway place peopl even allow peopl commun onlin other howev awar everyon share enthusiasm comput use expert concern peopl spend much time comput enough time exercis enjoy natur interact famili friend believ comput use tool must use right way ensur benefit everyon touch urg support advanc technolog let peopl know worth invest thank time
97,1,97,dear editor think comput great effect societi give peopl abil learn faraway place peopl well talk onlin peopl also teach hand eye coordin import peopl concern howev peopl spend much time comput enough time interact famili friend think peopl spend time need learn new thing also spend time thing enjoy think benefit comput outweigh neg hope agre
98,1,98,dear editor write express opinion effect comput peopl believ comput posit effect peopl teach hand eye coordin give peopl abil learn faraway place peopl even allow peopl talk onlin peopl other differ idea expert concern peopl spend much time comput less time exercis enjoy natur interact famili friend think peopl allow use comput full potenti
99,1,99,dear editor recent peopl use comput howev everyon agre good thing support advanc technolog believ comput posit effect peopl teach hand eye coordin give peopl abil learn faraway place peopl even allow peopl talk onlin peopl other differ idea expert concern peopl spend much time comput less time exercis enjoy natur interact famili friend believ activ import use comput hand believ comput great effect peopl although peopl certainli spend much time comput also use advantag exampl peopl use comput learn world around also use comput connect peopl believ comput great impact societi allow peopl learn connect other explor new thing think wonder thing hope reader newspap share opinion thank read
100,1,100,dear editor believ comput posit effect societi allow peopl learn faraway place peopl talk onlin peopl import help peopl get know world outsid citi town also teach peopl coordin hand eye movement howev concern peopl spend much time comput enough time exercis enjoy natur interact famili friend believ activ import use comput peopl spent time outsid comput less time societi would benefit mani way
101,1,101,dear editor believ comput posit effect peopl teach hand eye coordin give peopl abil learn faraway place peopl even allow peopl talk onlin peopl other differ idea expert concern peopl spend much time comput less time exercis enjoy natur interact famili friend urg reader newspap agre support advanc technolog import use resourc best way possibl believ comput play import role thank time
102,1,102,hello write express opinion effect modern technolog peopl believ comput posit effect peopl especi children teach hand eye coordin allow peopl learn faraway place peopl even allow peopl talk onlin peopl benefici thing believ everyon use comput much possibl think import peopl spend less time comput time enjoy natur interact famili friend thank time hope agre
103,1,103,dear editor think comput lot benefit societi teach hand eye coordin give peopl abil learn faraway place peopl even allow peopl talk onlin peopl technolog realli help peopl connect new way fantast think peopl spend less time comput time interact peopl though think peopl spend equal time topic see one benefici thank consid opinion
104,1,104,hello write express opinion effect comput peopl think great benefit societi allow peopl learn faraway place peopl well commun onlin
105,1,105,dear editor think comput posit effect peopl teach hand eye coordin give peopl abil learn faraway place peopl even allow peopl talk onlin peopl expert howev concern peopl spend much time comput less time exercis enjoy natur interact famili friend believ trend need revers peopl spend time comput less time interact other person thank time
106,1,106,hello recent peopl use comput believ good thing comput lot differ benefit peopl includ teach hand eye coordin give peopl abil learn faraway place peopl even allow peopl talk onlin peopl howev peopl concern peopl spend much time comput enough time exercis enjoy natur interact famili friend concern valid hope reader newspap think decid whether support advanc technolog
107,1,107,dear believ comput posit effect peopl teach hand eye coordin give peopl abil learn faraway place peopl even allow peopl talk onlin peopl howev other differ idea expert concern peopl spend much time comput less time exercis enjoy natur interact famili friend think import peopl get balanc life think comput help thank time
108,1,108,dear editor opinion comput lot benefit also neg impact societi peopl spend much time comput less time interact famili friend affect qualiti live also neg effect economi believ societi would better without comput thank time
109,1,109,hello believ posit comput peopl great ignor rememb first got comput know use realli young imagin embarrass thank comput abl learn use access inform never would abl otherwis help learn differ place peopl also allow speak peopl globe true peopl seem spend less time interact peopl day mean posit comput outweigh neg could use time spend famili friend believ technolog play role help us conclus believ comput lot benefit peopl ignor thank read letter hope agre
110,1,110,dear editor comput user believ mani posit come develop technolog exampl comput help peopl improv hand eye coordin learn faraway place peopl also allow peopl commun onlin peopl howev peopl concern comput take away activ import peopl exampl peopl say peopl spend much time comput enough time exercis enjoy natur interact famili friend believ peopl spend time import comput thing import peopl live
111,1,111,dear local newspap write letter express opinion effect comput peopl believ posit effect peopl primarili teach hand eye coordin give peopl abil learn faraway place peopl allow peopl talk onlin peopl howev other differ idea expert concern peopl spend much time comput less time exercis enjoy natur interact famili friend believ peopl make right decis spend time comput encourag reader newspap agre
112,1,112,dear editor believ comput posit effect peopl teach hand eye coordin give peopl abil learn faraway place peopl even allow peopl talk onlin peopl expert concern howev peopl spend much time comput less time exercis enjoy natur interact famili friend believ import peopl spend time activ good comput one thing hope publish letter convinc reader agre sincer
113,1,113,dear editor name comput user believ comput posit effect peopl teach hand eye coordin give peopl abil learn faraway place peopl even allow peopl talk onlin peopl other differ idea concern peopl spend much time comput less time exercis enjoy natur interact famili friend respect disagre critic think comput valuabl part peopl live help us stay connect world around us learn new thing
114,1,114,hello ever sinc peopl start use comput lot debat regard effect societi peopl believ benefici other believ peopl spend much time comput enough time interact peopl person believ comput posit effect societi teach hand eye coordin allow peopl learn faraway place peopl even allow peopl talk onlin peopl opinion extrem benefici skill peopl expos howev understand peopl may concern effect comput peopl expert worri peopl spend much time comput enough time exercis enjoy natur interact famili friend think valid concern continu examin effect technolog societi order make best decis futur thank time
115,1,115,dear editor believ comput posit effect peopl teach hand eye coordin give peopl abil learn faraway place peopl even allow peopl talk onlin peopl howev expert concern peopl spend much time comput less time exercis enjoy natur interact famili friend think peopl continu use comput also make sure peopl use respons way make sure peopl spend time onlin also get exercis fresh air
116,1,116,dear editor citizen world open mind potenti benefit drawback advanc technolog one advanc comput comput empow peopl around world give access inform tool would otherwis unavail howev everyon agre benefit outweigh potenti damag might caus peopl spend time comput less time interact expert concern peopl spend much time comput enough time exercis enjoy natur interact famili friend understand peopl might disagre us believ societi would better peopl spent time interact less time comput thank attent import issu
117,1,117,dear local newspap recent peopl start use comput believ good thing teach peopl hand eye coordin learn faraway place allow peopl commun other onlin other concern peopl spend much time comput enough time exercis enjoy natur interact famili friend believ comput posit effect peopl think peopl continu use
118,1,118,dear news editor comput user believ posit effect societi allow peopl learn faraway place peopl commun other onlin exercis hand eye coordin hand expert concern peopl spend much time comput less time interact famili friend hope take consider make editori decis thank time
119,1,119,hello believ comput posit effect societi whole provid peopl abil learn faraway place peopl well allow talk onlin peopl thing help peopl increas knowledg connect other believ peopl spend time exercis enjoy natur interact famili friend instead spend time comput thank read letter hope agre
120,1,120,dear newspap editor alway enjoy read opinion piec particularli interest read articl effect comput peopl believ comput posit effect peopl teach hand eye coordin allow peopl learn faraway place peopl even allow peopl talk onlin peopl think peopl spend much time comput enough time exercis enjoy natur interact famili friend think keep advanc technolog benefit societi whole thank time hope pass opinion reader
121,1,121,dear newspap editor hope well want write express opinion effect comput peopl believ comput posit effect peopl teach hand eye coordin give peopl abil learn faraway place peopl even allow peopl talk onlin peopl addit peopl work home great famili howev peopl concern peopl spend much time comput less time exercis enjoy natur interact famili friend think mistak peopl spend much time comput abl develop hand eye coordin learn new thing make friend onlin hope agre write articl discuss posit effect comput peopl thank time
122,1,122,hello believ comput posit impact way peopl live live think help peopl learn coordin hand eye learn faraway place peopl also allow peopl talk one anoth onlin benefici would like encourag local newspap continu support advanc technolog thank time
123,1,123,hello name comput user believ comput posit effect peopl teach hand eye coordin give peopl abil learn faraway place peopl even allow peopl talk onlin peopl believ peopl spend much time comput less time exercis enjoy natur interact famili friend think peopl spend time thing enjoy less time comput thank read letter hope agre
124,1,124,dear editor hope well want write express opinion effect comput peopl believ comput posit effect peopl teach hand eye coordin give peopl abil learn faraway place peopl even allow peopl talk onlin peopl believ peopl spend enough time comput spend time enjoy natur interact famili friend exercis think peopl miss lot spend much time comput hope publish letter convinc reader agre thank time
125,1,125,dear local newspap write express opinion theeffect comput peopl believ posit effect peopl teach hand eye coordin enabl learn faraway place peopl allow peopl talk onlin peopl howev expert concern peopl spend much time comput less time exercis enjoy natur interact famili friend believ peopl get comput use improv live meaning way spend time hope share opinion persuad reader agre
126,1,126,hello believ comput posit effect peopl help us learn great deal world around us even allow us commun peopl globe believ peopl would better spent time outsid interact one anoth rather spend time front comput screen thank read hope agre
127,1,127,dear local newspap believ comput use posit effect peopl teach hand eye coordin give peopl abil learn faraway place peopl even allow peopl talk onlin peopl afraid peopl spend much time comput also get exercis explor natur interact famili friend hope endors opinion write posit articl benefit comput use thank
128,1,128,hello believ advanc technolog posit effect peopl comput help peopl hand eye coordin teach faraway place peopl even allow talk onlin peopl amaz tool improv live immens howev concern peopl spend much time comput less time exercis enjoy natur interact famili friend would love see advanc technolog continu time believ peopl need spend time thing essenti well thank read hope agre
129,1,129,dear editor believ comput posit effect peopl allow peopl learn faraway place peopl well commun onlin technolog truli made world much smaller place encourag peopl support advanc comput use fullest potenti thank consider
130,1,130,dear local newspap believ use comput posit effect peopl teach hand eye coordin give peopl abil learn faraway place peopl even allow peopl talk onlin peopl other differ idea howev expert concern peopl spend much time comput less time exercis enjoy natur interact famili friend believ comput use often improv peopl live thank time
131,1,131,dear local newspap believ advanc technolog specif comput posit effect peopl teach hand eye coordin give peopl abil learn faraway place peopl even allow peopl talk onlin peopl unfortun other differ idea expert exampl concern peopl spend much time comput less time exercis enjoy natur interact famili friend think benefit comput outweigh concern urg reader newspap agre thank time
132,1,132,dear editor believ benefit comput peopl undeni teach hand eye coordin give peopl abil learn faraway place peopl even allow peopl talk onlin peopl incred valuabl inform think wonder comput contribut societi way howev concern fact peopl spend much time comput enough time exercis enjoy natur interact famili friend think import us spend time thing import us believ comput never take preced activ encourag everyon consid potenti benefit drawback technolog make decis believ futur societi depend
133,1,133,dear editor believ advanc technolog specif comput posit effect societi whole teach hand eye coordin give peopl abil learn faraway place peopl even allow peopl talk onlin peopl oppon technolog howev concern peopl spend much time comput less time exercis enjoy natur interact famili friend believ comput isol peopl physic world neg forc develop human understand believ posit comput far outweigh neg continu support develop thank time consider
134,1,134,dear newspap editor write express opinion effect comput peopl believ comput posit effect peopl teach hand eye coordin give access inform faraway place peopl allow talk onlin peopl howev expert concern peopl spend much time comput enough time exercis enjoy natur interact famili friend think continu use comput benefit societi valuabl tool help us learn new thing stay connect famili friend increas product
135,1,135,hello believ comput great posit impact societi whole teach hand eye coordin give peopl abil learn faraway place peopl well allow peopl talk onlin peopl howev concern peopl spend much time comput enough time exercis enjoy natur interact famili friend believ peopl still use comput also spend time thing import rather glu screen time
136,1,136,dear editor believ advanc technolog specif comput posit effect peopl enabl peopl learn new skill commun other learn thing abl addit peopl spend less time exercis time use comput believ good thing would like ask encourag reader think way thank
137,1,137,dear editor write respons recent articl posit effect comput societi wholeheartedli agre comput posit effect peopl believ peopl spend much time comput enough time interact famili friend think import peopl spend time exercis enjoy natur activ help build charact make peopl smarter wiser think also import peopl children children teach world around help make societi better place hope reader newspap agre ask print letter entireti thank time
138,1,138,dear editor believ comput posit effect peopl teach hand eye coordin give peopl abil learn faraway place peopl even allow peopl talk onlin peopl howev expert concern peopl spend much time comput less time exercis enjoy natur interact famili friend urg reader newspap agre vote comput continu posit effect peopl thank time
140,1,140,dear local newspap kid use love go outsid play friend mani kid glu comput time hardli ever see say comput bad per se think neg effect peopl comput use teach hand eye coordin let peopl learn faraway place peopl enabl peopl talk one anoth onlin meantim kid spend less time exercis enjoy natur interact famili friend think societi whole would better comput play smaller role live
141,1,141,dear editor comput user believ numer benefit societi advanc technolog one comput teach hand eye coordin give peopl abil learn faraway place peopl addit allow peopl talk onlin peopl enhanc social interact howev everyon convinc benefit outweigh potenti neg spend much time comput expert concern peopl spend much time comput enough time exercis enjoy natur interact famili friend believ comput profoundli posit effect societi urg reader newspap agre thank time
142,1,142,hello huge support technolog allow learn ever connect peopl world even make money howev concern way comput current use mani peopl spend much time comput rather spend time world interact other believ peopl need spend time exercis enjoy natur order keep bodi healthi mind sharp hope letter help open peopl eye import take time help make better decis use technolog futur thank read
143,1,143,dear editor strongli believ comput posit effect peopl teach hand eye coordin give peopl abil learn faraway place peopl even allow peopl talk onlin peopl howev expert concern peopl spend much time comput less time exercis enjoy natur interact famili friend believ mistak peopl spend much time want comput long use respons way hope reader local newspap agre
144,1,144,dear newspap propon posit effect comput peopl believ teach hand eye coordin give peopl abil learn faraway place peopl even allow peopl talk onlin peopl howev peopl concern peopl spend much time comput less time exercis enjoy natur interact famili friend would like request continu report posit effect comput peopl also mention concern peopl thank
145,1,145,dear believ advanc technolog comput posit effect human help peopl learn use hand effici learn differ cultur peopl even allow peopl interact one anoth onlin think peopl spend much time comput current lead feel isol rest societi believ peopl spend time interact enjoy outdoor
146,1,146,hello grow alway thought comput great societi help peopl learn new thing get know part world commun peopl world today think differ side stori thousand peopl spend much time comput enough time interact bad social dynam also bad overal health peopl urg reader think impact comput peopl decid think benefit societi
147,1,147,dear editor think comput posit effect peopl teach hand eye coordin give peopl abil learn faraway place peopl even allow peopl talk onlin peopl other differ idea expert concern peopl spend much time comput less time exercis enjoy natur interact famili friend think posit effect comput peopl worth consid thank time
148,1,148,hello insert name local newspap write believ comput posit effect peopl teach hand eye coordin give peopl abil learn faraway place peopl even allow peopl talk onlin peopl believ peopl spend much time comput howev think continu use
149,1,149,dear local newspap write express opinion effect comput societi believ comput posit effect peopl societi whole teach hand eye coordin give peopl abil learn faraway place peopl even allow peopl talk onlin peopl invalu tool commun learn believ use often hope peopl see posit effect decid use comput often well thank attent issu
150,1,150,dear editor truli believ comput benefici effect peopl teach hand eye coordin give peopl abil learn faraway place peopl even allow peopl talk onlin peopl believ peopl spend time exercis interact famili friend less time comput thank read letter hope agre
151,1,151,hello support advanc technolog believ comput posit effect peopl teach hand eye coordin give peopl abil learn faraway place peopl even allow peopl talk onlin peopl howev concern way peopl spend time comput often see peopl sit comput hour end rather spend time famili friend believ peopl spend time exercis enjoy natur interact peopl real life hope reader local newspap share opinion convinc other join support advanc technolog peopl spend time engag healthier activ
152,1,152,hello think comput posit effect peopl help develop hand eye coordin allow peopl learn faraway place peopl allow peopl talk onlin peopl mani peopl nowaday spend littl time enjoy natur interact famili friend comput give peopl chanc thing comfort home think comput promot posit impact peopl live
153,1,153,hello think comput posit effect peopl teach hand eye coordin give peopl abil learn faraway place peopl even allow peopl talk onlin peopl peopl concern howev peopl spend much time comput less time exercis enjoy natur interact famili friend believ comput use often longer period time benefit societi whole thank read letter hope agre
154,1,154,dear local newspap said comput posit effect peopl teach hand eye coordin give peopl abil learn faraway place peopl even allow peopl talk onlin peopl howev other differ idea expert concern peopl spend much time comput less time exercis enjoy natur interact famili friend believ peopl use comput full potenti pass time thank listen
155,1,155,dear local newspap believ comput great impact peopl teach hand eye coordin give peopl abil learn faraway place peopl even allow peopl talk onlin peopl think peopl spend time interact less time comput thank read
156,1,156,dear editor think comput posit effect peopl teach hand eye coordin give peopl abil learn faraway place peopl even allow peopl talk onlin peopl howev expert concern peopl spend much time comput less time exercis enjoy natur interact famili friend think peopl use comput moder spend time interact face face hope print letter agre thank
157,1,157,dear editor huge support technolog believ comput vast array benefit societi whole help peopl hand eye coordin teach peopl faraway place peopl allow peopl commun other onlin howev concern way peopl use comput day mani peopl spend much time comput enough time exercis enjoy natur interact famili friend bad health also harm commun whole urg reader local newspap agre see benefit comput societi whole thank time
158,1,158,dear editor believ comput posit effect peopl teach hand eye coordin give peopl abil learn faraway place peopl even allow peopl talk onlin peopl howev expert concern peopl spend much time comput less time exercis enjoy natur interact famili friend think import us keep mind comput replac interact other face face need take time get enjoy life confid comput keep us connect world love
159,1,159,hello believ comput posit effect peopl teach hand eye coordin give peopl abil learn faraway place peopl even allow peopl talk onlin peopl howev peopl concern peopl spend much time comput less time exercis enjoy natur interact famili friend strongli believ peopl spend time interact less time comput thank read letter hope agre
160,1,160,dear editor believ benefit comput societi immens teach hand eye coordin give peopl abil learn faraway place peopl even allow peopl talk onlin peopl howev peopl concern peopl spend much time comput less time exercis enjoy natur interact famili friend think mistak hope agre urg write articl condemn peopl view comput neg forc societi advoc use thank time consider
161,1,161,dear newspap editor big support technolog believ comput posit effect societi teach hand eye coordin give peopl abil learn faraway place peopl even allow peopl talk onlin peopl peopl howev concern peopl spend much time comput less time exercis enjoy natur interact famili friend believ peopl becom reliant comput neg effect begin show believ benefit comput outweigh neg continu adopt societi
162,1,162,hello write express opinion effect comput peopl believ posit effect way peopl learn commun social believ peopl spend much time comput enough time enjoy natur interact famili friend learn new thing hope print letter share viewpoint reader thank time
163,1,163,dear editor believ comput posit effect peopl teach hand eye coordin give peopl abil learn faraway place peopl even allow peopl talk onlin peopl technolog allow societi keep expand grow believ continu futur hope reader local newspap share opinion continu use comput improv live peopl around world thank time
164,1,164,hello feel comput posit effect societi whole teach hand eye coordin give peopl abil learn faraway place peopl even allow peopl talk onlin peopl import skill help peopl succeed life howev concern amount time peopl spend comput less time exercis enjoy natur interact famili friend would like see govern invest money program encourag peopl spend time outsid get know better thank read letter hope agre
165,1,165,dear editor comput user support advanc technolog believ comput posit effect peopl help learn hand eye coordin learn faraway place peopl even commun other onlin howev also realiz everyon enthusiast comput peopl concern peopl spend much time comput enough time enjoy exercis interact famili friend believ topic debat would like share opinion reader newspap believ peopl spend equal amount time comput enjoy live societi constantli connect world around us import us enjoy benefit technolog offer hope reader newspap agre issu
166,1,166,dear editor write express disagr grow trend comput posit effect peopl opinion peopl spend much time comput enough time enjoy natur interact famili friend exercis believ peopl would better spent time product less electron
167,1,167,dear editor believ benefit comput peopl undeni teach hand eye coordin give peopl abil learn faraway place peopl even allow peopl talk onlin peopl advanc amaz improv live immeasur howev peopl concern neg effect comput societi believ peopl spend much time comput less time exercis enjoy natur interact famili friend think peopl wrong think comput posit forc societi keep explor potenti thank time
168,1,168,hello believ comput posit effect societi teach hand eye coordin give peopl abil learn faraway place peopl even allow peopl talk onlin peopl hand expert concern peopl spend much time comput less time exercis enjoy natur interact famili friend hope reader newspap share opinion continu advanc technolog way benefit everyon
169,1,169,hello newspap know mani peopl believ comput posit effect peopl teach new skill access inform even allow commun other onlin howev other concern peopl spend much time comput enough time exercis enjoy natur interact famili friend believ group point take look side argument make decis think consid amount time peopl spend comput benefit given peopl far possibl consequ continu use comput think comput given peopl lot take away neg effect thank time
